{
  "report_timestamp": 1757988002.534168,
  "report_date": "2025-09-15T22:00:02.534168",
  "overall_metrics": {
    "p50_ms": 101.33087635040283,
    "p95_ms": 192.53274202346802,
    "p99_ms": 199.33237075805664,
    "p99_9_ms": 202.54289650917116,
    "max_ms": 209.5646858215332,
    "min_ms": 1.954793930053711,
    "mean_ms": 101.99555540084839,
    "std_ms": 58.30478402931903,
    "total_measurements": 1000,
    "successful_measurements": 1000,
    "failed_measurements": 0,
    "success_rate": 1.0
  },
  "operation_metrics": {
    "strategy_signal": {
      "p50_ms": 103.40690612792969,
      "p95_ms": 194.4336891174316,
      "p99_ms": 200.76456069946286,
      "p99_9_ms": 208.6846733093263,
      "max_ms": 209.5646858215332,
      "min_ms": 2.5932788848876953,
      "mean_ms": 103.45111867432954,
      "std_ms": 58.510878067991534,
      "total_measurements": 93,
      "successful_measurements": 93,
      "failed_measurements": 0,
      "window_start": 1757987942.5311213,
      "window_end": 1757988002.5311213,
      "window_duration_seconds": 60
    },
    "order_fill": {
      "p50_ms": 88.25290203094482,
      "p95_ms": 194.4632530212402,
      "p99_ms": 199.618079662323,
      "p99_9_ms": 200.83281779289248,
      "max_ms": 200.96778869628906,
      "min_ms": 2.6192665100097656,
      "mean_ms": 95.8247726613825,
      "std_ms": 63.03239227214277,
      "total_measurements": 88,
      "successful_measurements": 88,
      "failed_measurements": 0,
      "window_start": 1757987942.5311213,
      "window_end": 1757988002.5311213,
      "window_duration_seconds": 60
    },
    "portfolio_update": {
      "p50_ms": 86.02333068847656,
      "p95_ms": 188.15675973892212,
      "p99_ms": 193.1020212173462,
      "p99_9_ms": 193.51796102523804,
      "max_ms": 193.56417655944824,
      "min_ms": 3.6902427673339844,
      "mean_ms": 92.92759895324707,
      "std_ms": 59.308859532293496,
      "total_measurements": 100,
      "successful_measurements": 100,
      "failed_measurements": 0,
      "window_start": 1757987942.5311213,
      "window_end": 1757988002.5311213,
      "window_duration_seconds": 60
    },
    "risk_check": {
      "p50_ms": 102.46610641479492,
      "p95_ms": 188.97783756256104,
      "p99_ms": 196.81961536407474,
      "p99_9_ms": 199.6074461936951,
      "max_ms": 199.89013671875,
      "min_ms": 1.99127197265625,
      "mean_ms": 101.69146726797293,
      "std_ms": 57.53665338655519,
      "total_measurements": 111,
      "successful_measurements": 111,
      "failed_measurements": 0,
      "window_start": 1757987942.5311213,
      "window_end": 1757988002.5311213,
      "window_duration_seconds": 60
    },
    "order_placement": {
      "p50_ms": 107.4686050415039,
      "p95_ms": 195.73988914489746,
      "p99_ms": 197.52229690551758,
      "p99_9_ms": 199.12034416198733,
      "max_ms": 199.29790496826172,
      "min_ms": 2.513885498046875,
      "mean_ms": 110.49354497124168,
      "std_ms": 58.93725415252608,
      "total_measurements": 85,
      "successful_measurements": 85,
      "failed_measurements": 0,
      "window_start": 1757987942.5311213,
      "window_end": 1757988002.5311213,
      "window_duration_seconds": 60
    },
    "data_update": {
      "p50_ms": 108.36732387542725,
      "p95_ms": 193.94297599792478,
      "p99_ms": 199.63961362838745,
      "p99_9_ms": 199.75221705436707,
      "max_ms": 199.76472854614258,
      "min_ms": 3.974437713623047,
      "mean_ms": 110.08421255617725,
      "std_ms": 54.35016214580004,
      "total_measurements": 98,
      "successful_measurements": 98,
      "failed_measurements": 0,
      "window_start": 1757987942.5311213,
      "window_end": 1757988002.5311213,
      "window_duration_seconds": 60
    }
  },
  "performance_summary": {
    "uptime_seconds": 103.76064610481262,
    "uptime_hours": 0.028822401695781284,
    "total_measurements": 1000,
    "successful_measurements": 1000,
    "failed_measurements": 0,
    "success_rate": 1.0,
    "measurements_per_second": 9.637565276818549,
    "operations_tracked": 6,
    "current_metrics": {
      "strategy_signal": {
        "p50_ms": 103.40690612792969,
        "p95_ms": 194.4336891174316,
        "p99_ms": 200.76456069946286,
        "p99_9_ms": 208.6846733093263,
        "max_ms": 209.5646858215332,
        "min_ms": 2.5932788848876953,
        "mean_ms": 103.45111867432954,
        "std_ms": 58.510878067991534,
        "total_measurements": 93,
        "successful_measurements": 93,
        "failed_measurements": 0,
        "window_start": 1757987942.5311213,
        "window_end": 1757988002.5311213,
        "window_duration_seconds": 60
      },
      "order_fill": {
        "p50_ms": 88.25290203094482,
        "p95_ms": 194.4632530212402,
        "p99_ms": 199.618079662323,
        "p99_9_ms": 200.83281779289248,
        "max_ms": 200.96778869628906,
        "min_ms": 2.6192665100097656,
        "mean_ms": 95.8247726613825,
        "std_ms": 63.03239227214277,
        "total_measurements": 88,
        "successful_measurements": 88,
        "failed_measurements": 0,
        "window_start": 1757987942.5311213,
        "window_end": 1757988002.5311213,
        "window_duration_seconds": 60
      },
      "portfolio_update": {
        "p50_ms": 86.02333068847656,
        "p95_ms": 188.15675973892212,
        "p99_ms": 193.1020212173462,
        "p99_9_ms": 193.51796102523804,
        "max_ms": 193.56417655944824,
        "min_ms": 3.6902427673339844,
        "mean_ms": 92.92759895324707,
        "std_ms": 59.308859532293496,
        "total_measurements": 100,
        "successful_measurements": 100,
        "failed_measurements": 0,
        "window_start": 1757987942.5311213,
        "window_end": 1757988002.5311213,
        "window_duration_seconds": 60
      },
      "risk_check": {
        "p50_ms": 102.46610641479492,
        "p95_ms": 188.97783756256104,
        "p99_ms": 196.81961536407474,
        "p99_9_ms": 199.6074461936951,
        "max_ms": 199.89013671875,
        "min_ms": 1.99127197265625,
        "mean_ms": 101.69146726797293,
        "std_ms": 57.53665338655519,
        "total_measurements": 111,
        "successful_measurements": 111,
        "failed_measurements": 0,
        "window_start": 1757987942.5311213,
        "window_end": 1757988002.5311213,
        "window_duration_seconds": 60
      },
      "order_placement": {
        "p50_ms": 107.4686050415039,
        "p95_ms": 195.73988914489746,
        "p99_ms": 197.52229690551758,
        "p99_9_ms": 199.12034416198733,
        "max_ms": 199.29790496826172,
        "min_ms": 2.513885498046875,
        "mean_ms": 110.49354497124168,
        "std_ms": 58.93725415252608,
        "total_measurements": 85,
        "successful_measurements": 85,
        "failed_measurements": 0,
        "window_start": 1757987942.5311213,
        "window_end": 1757988002.5311213,
        "window_duration_seconds": 60
      },
      "data_update": {
        "p50_ms": 108.36732387542725,
        "p95_ms": 193.94297599792478,
        "p99_ms": 199.63961362838745,
        "p99_9_ms": 199.75221705436707,
        "max_ms": 199.76472854614258,
        "min_ms": 3.974437713623047,
        "mean_ms": 110.08421255617725,
        "std_ms": 54.35016214580004,
        "total_measurements": 98,
        "successful_measurements": 98,
        "failed_measurements": 0,
        "window_start": 1757987942.5311213,
        "window_end": 1757988002.5311213,
        "window_duration_seconds": 60
      }
    },
    "config": {
      "window_size_seconds": 60,
      "max_measurements_per_window": 1000,
      "enable_real_time_monitoring": true,
      "enable_prometheus_metrics": true,
      "log_threshold_ms": 100,
      "alert_threshold_ms": 500
    }
  },
  "config": {
    "window_size_seconds": 60,
    "max_measurements_per_window": 1000,
    "enable_real_time_monitoring": true,
    "enable_prometheus_metrics": true,
    "log_threshold_ms": 100,
    "alert_threshold_ms": 500
  }
}