{
  "bandit_statistics": {
    "post_only": {
      "count": 12,
      "avg_reward": 1.2377432329878768,
      "total_reward": 14.852918795854523,
      "feature_weights": [
        0.10263643534278517,
        0.2511987124771148,
        -0.02807590107408405,
        -0.06248123516833557,
        0.11402965980709054,
        0.09935053552120003
      ]
    },
    "taker": {
      "count": 64,
      "avg_reward": 1.495312986512801,
      "total_reward": 95.70003113681926,
      "feature_weights": [
        0.2794319732452922,
        0.1304017196754963,
        0.002043152039827259,
        0.11323880506225512,
        0.15042095810521894,
        0.13085887040203512
      ]
    },
    "twap": {
      "count": 6,
      "avg_reward": 0.8628173230107516,
      "total_reward": 5.17690393806451,
      "feature_weights": [
        -0.06605021050503601,
        -0.09625098806076256,
        -0.014678274314715344,
        0.057618320436936876,
        0.01727667478771646,
        0.16368330131611317
      ]
    },
    "iceberg": {
      "count": 18,
      "avg_reward": 1.0840684717466007,
      "total_reward": 19.513232491438814,
      "feature_weights": [
        0.1483388944272134,
        0.025132100653089087,
        -0.07874388784072735,
        -0.09783769639380853,
        0.17755129001917141,
        0.26352478471267615
      ]
    }
  },
  "policy_comparison": {
    "current_policy": {
      "policy_value": 1.7137386555636611,
      "confidence_interval": [
        0.00863180182203177,
        5.1224144107290055
      ],
      "n_observations": 100,
      "effective_sample_size": 1.0140901082480027
    },
    "uniform_policy": {
      "policy_value": 1.7138944575016135,
      "confidence_interval": [
        0.006904694670988598,
        5.1269407496673365
      ],
      "n_observations": 100,
      "effective_sample_size": 1.011696041478088
    },
    "greedy_policy": {
      "policy_value": 1.7138944575016135,
      "confidence_interval": [
        0.006828099782352432,
        5.127069343563891
      ],
      "n_observations": 100,
      "effective_sample_size": 1.011696041478088
    },
    "improvement_vs_uniform": -0.0001558019379523934,
    "improvement_vs_greedy": -0.0001558019379523934
  },
  "execution_metrics": {
    "total_decisions": 100,
    "successful_executions": 0,
    "success_rate": 0.0
  },
  "timestamp": "2025-09-16T21:33:48.202123"
}