{
  "timestamp": "2025-09-16T11:41:57.357407",
  "portfolio_value": 100000,
  "var_es_metrics": {
    "var_95": -0.030524646852778507,
    "var_99": -0.045329956403987084,
    "es_95": -0.04223015457754346,
    "es_99": -0.06379830069393162
  },
  "var_es_dollars": {
    "var_95_dollars": 3052.4646852778505,
    "var_99_dollars": 4532.995640398708,
    "es_95_dollars": 4223.015457754346,
    "es_99_dollars": 6379.830069393162
  }
}