{
  "total_return": -0.00019569644286154963,
  "annualized_return": -8.181869148526921e-06,
  "volatility": 0.000410833229909282,
  "sharpe_ratio": -48.70146914251953,
  "max_drawdown": -0.00029124069983948124,
  "calmar_ratio": -0.02809315165440956,
  "win_rate": 23.216671119422923,
  "profit_factor": 0.8786539201633455,
  "total_trades": 3743,
  "winning_trades": 869,
  "losing_trades": 1002,
  "initial_capital": 1000.0,
  "final_capital": 999.8289635047456,
  "total_pnl": -0.17103649525438414
}