{
  "timestamp": "2025-09-16T23:34:34.120675",
  "portfolio_risk": {
    "total_exposure": 30000.0,
    "portfolio_var_95": 9528009.221208109,
    "portfolio_var_99": 14292013.831812162,
    "portfolio_es_95": 12386411.987570541,
    "portfolio_es_99": 17150416.598174594,
    "diversification_ratio": 5.3876242288968406e-05,
    "concentration_risk": 0.34222222222222226,
    "tail_risk": 0.1371329177557119,
    "stress_test_results": {
      "2008 Financial Crisis": 21033080.3558169,
      "COVID-19 Market Crash": 16340535.814371906,
      "Flash Crash": 13232499.206413822,
      "Interest Rate Shock": 11178736.818782415,
      "Crypto Winter": 36325535.15585592
    },
    "risk_level": 