{
  "maker_rebate_rate": 5e-05,
  "taker_fee_rate": 0.0005,
  "opportunity_cost": 0.00011500000000000002,
  "maker_ratio": 0.7,
  "net_advantage": 0.000385
}